{
    "true_positive": 203,
    "true_negative": 149,
    "false_positive": 91,
    "false_negative": 57,
    "accuracy": 0.704,
    "recall": 0.7807692307692308,
    "precision": 0.6904761904761905,
    "F1_score": 0.7328519855595668
}