{
    "true_positive": 227,
    "true_negative": 25,
    "false_positive": 215,
    "false_negative": 33,
    "accuracy": 0.504,
    "recall": 0.8730769230769231,
    "precision": 0.5135746606334841,
    "F1_score": 0.6467236467236467
}